{
  "bookmarks2D": [
    {
      "displayName": "Guam",
      "name": "Guam",
      "extent": {
        "type": "extent",
        "xmin": -24003493.29362235,
        "ymin": 1478627.981176454,
        "xmax": -23914826.34081151,
        "ymax": 1539777.6038046186,
        "spatialReference": {
          "wkid": 102100
        },
        "cache": {
          "_parts": [
            {
              "extent": {
                "type": "extent",
                "xmin": 16071523.391955461,
                "ymin": 1478627.981176454,
                "xmax": 16160190.3447663,
                "ymax": 1539777.6038046186,
                "spatialReference": {
                  "wkid": 102100
                }
              },
              "frameIds": [
                -1
              ]
            }
          ]
        }
      },
      "thumbnail": "${appPath}/configs/Bookmark/thumbnail_17.jpeg",
      "isInWebmap": false
    },
    {
      "displayName": "Puerto Rico",
      "name": "Puerto Rico",
      "extent": {
        "type": "extent",
        "xmin": -7562742.748924432,
        "ymin": 1945030.3777692788,
        "xmax": -7208074.937681232,
        "ymax": 2189628.8682818306,
        "spatialReference": {
          "wkid": 102100
        },
        "cache": {
          "_parts": [
            {
              "extent": {
                "type": "extent",
                "xmin": -7562742.748924432,
                "ymin": 1945030.3777692788,
                "xmax": -7208074.937681232,
                "ymax": 2189628.8682818306,
                "spatialReference": {
                  "wkid": 102100
                }
              },
              "frameIds": [
                0
              ]
            }
          ]
        }
      },
      "thumbnail": "${appPath}/configs/Bookmark/thumbnail_18.jpeg",
      "isInWebmap": false
    },
    {
      "displayName": "US Virgin Islands",
      "name": "US Virgin Islands",
      "extent": {
        "type": "extent",
        "xmin": -7298807.154141161,
        "ymin": 1978098.315789275,
        "xmax": -7121473.248519638,
        "ymax": 2100397.561045498,
        "spatialReference": {
          "wkid": 102100
        },
        "cache": {
          "_parts": [
            {
              "extent": {
                "type": "extent",
                "xmin": -7298807.154141161,
                "ymin": 1978098.315789275,
                "xmax": -7121473.248519638,
                "ymax": 2100397.561045498,
                "spatialReference": {
                  "wkid": 102100
                }
              },
              "frameIds": [
                0
              ]
            }
          ]
        }
      },
      "thumbnail": "${appPath}/configs/Bookmark/thumbnail_19.jpeg",
      "isInWebmap": false
    },
    {
      "displayName": "Northern Mariana Islands",
      "name": "Northern Mariana Islands",
      "extent": {
        "type": "extent",
        "xmin": -24218035.21217739,
        "ymin": 1685871.386951681,
        "xmax": -23508699.58969114,
        "ymax": 2175068.367976679,
        "spatialReference": {
          "wkid": 102100
        },
        "cache": {
          "_parts": [
            {
              "extent": {
                "type": "extent",
                "xmin": 15856981.473400421,
                "ymin": 1685871.386951681,
                "xmax": 16566317.09588667,
                "ymax": 2175068.367976679,
                "spatialReference": {
                  "wkid": 102100
                }
              },
              "frameIds": [
                -1
              ]
            }
          ]
        }
      },
      "thumbnail": "${appPath}/configs/Bookmark/thumbnail_20.jpeg",
      "isInWebmap": false
    },
    {
      "displayName": "Hawaii",
      "name": "Hawaii",
      "extent": {
        "type": "extent",
        "xmin": -17898280.85896144,
        "ymin": 2091396.78181675,
        "xmax": -17188945.236475192,
        "ymax": 2580593.762841748,
        "spatialReference": {
          "wkid": 102100
        },
        "cache": {
          "_parts": [
            {
              "extent": {
                "type": "extent",
                "xmin": -17898280.85896144,
                "ymin": 2091396.78181675,
                "xmax": -17188945.236475192,
                "ymax": 2580593.762841748,
                "spatialReference": {
                  "wkid": 102100
                }
              },
              "frameIds": [
                0
              ]
            }
          ]
        }
      },
      "thumbnail": "${appPath}/configs/Bookmark/thumbnail_21.jpeg",
      "isInWebmap": false
    },
    {
      "displayName": "Alaska",
      "name": "Alaska",
      "extent": {
        "type": "extent",
        "xmin": -19800161.685421463,
        "ymin": 7550605.1310551325,
        "xmax": -14125476.705531487,
        "ymax": 11464180.979255116,
        "spatialReference": {
          "wkid": 102100
        },
        "cache": {
          "_parts": [
            {
              "extent": {
                "type": "extent",
                "xmin": -19800161.685421463,
                "ymin": 7550605.1310551325,
                "xmax": -14125476.705531487,
                "ymax": 11464180.979255116,
                "spatialReference": {
                  "wkid": 102100
                }
              },
              "frameIds": [
                0
              ]
            }
          ]
        }
      },
      "thumbnail": "${appPath}/configs/Bookmark/thumbnail_22.jpeg",
      "isInWebmap": false
    },
    {
      "displayName": "Continental US",
      "name": "Continental US",
      "extent": {
        "type": "extent",
        "xmin": -13798706.189931879,
        "ymin": 2822183.151701038,
        "xmax": -8124021.210041901,
        "ymax": 6735758.999901022,
        "spatialReference": {
          "wkid": 102100
        },
        "cache": {
          "_parts": [
            {
              "extent": {
                "type": "extent",
                "xmin": -13798706.189931879,
                "ymin": 2822183.151701038,
                "xmax": -8124021.210041901,
                "ymax": 6735758.999901022,
                "spatialReference": {
                  "wkid": 102100
                }
              },
              "frameIds": [
                0
              ]
            }
          ]
        }
      },
      "thumbnail": "${appPath}/configs/Bookmark/thumbnail_23.jpeg",
      "isInWebmap": false
    },
    {
      "displayName": "New England (EPA Region 1)",
      "name": "New England (EPA Region 1)",
      "extent": {
        "type": "extent",
        "xmin": -8617997.10244632,
        "ymin": 5030588.3466223525,
        "xmax": -7199325.857473826,
        "ymax": 6008982.308672349,
        "spatialReference": {
          "wkid": 102100
        },
        "cache": {
          "_parts": [
            {
              "extent": {
                "type": "extent",
                "xmin": -8617997.10244632,
                "ymin": 5030588.3466223525,
                "xmax": -7199325.857473826,
                "ymax": 6008982.308672349,
                "spatialReference": {
                  "wkid": 102100
                }
              },
              "frameIds": [
                0
              ]
            }
          ]
        }
      },
      "thumbnail": "${appPath}/configs/Bookmark/thumbnail_24.jpeg",
      "isInWebmap": false
    },
    {
      "displayName": "NY and NJ (EPA Region 2)",
      "name": "NY and NJ (EPA Region 2)",
      "extent": {
        "type": "extent",
        "xmin": -9097420.850381345,
        "ymin": 4648768.437770922,
        "xmax": -7678749.605408851,
        "ymax": 5627162.399820918,
        "spatialReference": {
          "wkid": 102100
        },
        "cache": {
          "_parts": [
            {
              "extent": {
                "type": "extent",
                "xmin": -9097420.850381345,